,Unnamed: 0,Company Name,Company Url,Company Logo
0,0,Zibtek,zibtek.com,https://logo.clearbit.com/zibtek.com
1,1,LTI,l-tike.com,https://logo.clearbit.com/l-tike.com
2,2,Siemens,siemens.com,https://logo.clearbit.com/siemens.com
3,3,Infosys,infosys.com,https://logo.clearbit.com/infosys.com
4,4,LTI,l-tike.com,https://logo.clearbit.com/l-tike.com
5,5,Fresher,fresherslive.com,https://logo.clearbit.com/fresherslive.com
6,6,Fresher,fresherslive.com,https://logo.clearbit.com/fresherslive.com
7,7,Gyanmanjari Institute of Technology,,nan
8,8,First Student,workatfirst.com,https://logo.clearbit.com/workatfirst.com
9,9,Mojocare,mojocare.com,https://logo.clearbit.com/mojocare.com
10,10,Microsec,microsecondnews.com,https://logo.clearbit.com/microsecondnews.com
11,11,Qualcomm Technologies,,nan
12,12,TouchPoint Support Services,iamtouchpoint.com,https://logo.clearbit.com/iamtouchpoint.com
13,13,Accenture,accenture.com,https://logo.clearbit.com/accenture.com
14,14,FreshersLive,fresherslive.com,https://logo.clearbit.com/fresherslive.com
15,15,PythonAnywhere,pythonanywhere.com,https://logo.clearbit.com/pythonanywhere.com
16,16,Mahalaxmi Industries,,nan
17,17,Zapiot Technologies,zapiot.com,https://logo.clearbit.com/zapiot.com
18,18,Shell,shell.com,https://logo.clearbit.com/shell.com
19,19,314e,ebay.com,https://logo.clearbit.com/ebay.com
20,20,Flipkart,flipkart.com,https://logo.clearbit.com/flipkart.com
21,21,GE,genius.com,https://logo.clearbit.com/genius.com
22,22,Conduent,conduent.com,https://logo.clearbit.com/conduent.com
23,23,MMACH Design,mmachdesign.com,https://logo.clearbit.com/mmachdesign.com
24,24,JB Boda & Company,jbbodagroup.com,https://logo.clearbit.com/jbbodagroup.com
25,25,Intel Corporation,,nan
26,26,Jupiter Money,jupiter.money,https://logo.clearbit.com/jupiter.money
27,27,FireEye,fire-eye.com,https://logo.clearbit.com/fire-eye.com
28,28,Headrun Technologies,,nan
29,29,Tesco,tesco.com,https://logo.clearbit.com/tesco.com
30,30,MakeMyTrip,makemytrip.com,https://logo.clearbit.com/makemytrip.com
31,31,PayPal,paypal.com,https://logo.clearbit.com/paypal.com
32,32,Goldman Sachs,goldmansachs.com,https://logo.clearbit.com/goldmansachs.com
33,33,Amazon,amazon.com,https://logo.clearbit.com/amazon.com
34,34,Self,self.com,https://logo.clearbit.com/self.com
35,35,Cyware,cyware.com,https://logo.clearbit.com/cyware.com
36,36,Quinbay,quinbay.com,https://logo.clearbit.com/quinbay.com
37,37,Publicis Sapient,publicissapient.com,https://logo.clearbit.com/publicissapient.com
38,38,SAP,concursolutions.com,https://logo.clearbit.com/concursolutions.com
39,39,Micro Focus,microfocus.com,https://logo.clearbit.com/microfocus.com
40,40,Arvind,arvind.com,https://logo.clearbit.com/arvind.com
41,41,TestVagrant,testvagrant.com,https://logo.clearbit.com/testvagrant.com
42,42,MediBuddy,medibuddy.in,https://logo.clearbit.com/medibuddy.in
43,43,MediBuddy,medibuddy.in,https://logo.clearbit.com/medibuddy.in
44,44,Target,target.com,https://logo.clearbit.com/target.com
45,45,Nineleaps Technology Solutions,,nan
46,46,NextGen Healthcare,nextgen.com,https://logo.clearbit.com/nextgen.com
47,47,OneDirect (India),,nan
48,48,XYZ (Turkey),,nan
49,49,XYZ,xyzhomework.com,https://logo.clearbit.com/xyzhomework.com
50,50,OYO,oyorooms.com,https://logo.clearbit.com/oyorooms.com
51,51,Licious,licious.in,https://logo.clearbit.com/licious.in
52,52,Cisco Systems,,nan
53,53,Attivo Networks,,nan
54,54,Jumbotail,jumbotail.com,https://logo.clearbit.com/jumbotail.com
55,55,Juniper Networks,juniper.net,https://logo.clearbit.com/juniper.net
56,56,SonicWall,sonicwall.com,https://logo.clearbit.com/sonicwall.com
57,57,Hewlett-Packard,hpe.com,https://logo.clearbit.com/hpe.com
58,58,Microsoft,office.com,https://logo.clearbit.com/office.com
59,59,Hewlett Packard Enterprise | HPE,,nan
60,60,Verifone,verifone.com,https://logo.clearbit.com/verifone.com
61,61,ZestMoney,zestmoney.in,https://logo.clearbit.com/zestmoney.in
62,62,Altair Engineering,altair.com,https://logo.clearbit.com/altair.com
63,63,Oracle,oracle.com,https://logo.clearbit.com/oracle.com
64,64,Ola,olasjobs.org,https://logo.clearbit.com/olasjobs.org
65,65,Increff,increff.com,https://logo.clearbit.com/increff.com
66,66,Trellix,trellix.com,https://logo.clearbit.com/trellix.com
67,67,TestVagrant,testvagrant.com,https://logo.clearbit.com/testvagrant.com
68,68,Ola,olasjobs.org,https://logo.clearbit.com/olasjobs.org
69,69,Publicis Sapient,publicissapient.com,https://logo.clearbit.com/publicissapient.com
70,70,SAP,concursolutions.com,https://logo.clearbit.com/concursolutions.com
71,71,Datami,dataminr.com,https://logo.clearbit.com/dataminr.com
72,72,HARMAN,harman.com,https://logo.clearbit.com/harman.com
73,73,McAfee,mcafee.com,https://logo.clearbit.com/mcafee.com
74,74,Signify,signifyd.com,https://logo.clearbit.com/signifyd.com
75,75,Fisdom,fisdom.com,https://logo.clearbit.com/fisdom.com
76,76,Khosla Labs,,nan
77,77,Gojek,gojek.com,https://logo.clearbit.com/gojek.com
78,78,LeadSquared,leadsquared.com,https://logo.clearbit.com/leadsquared.com
79,79,AppBroda Tech,,nan
80,80,Arcesium,arcesium.com,https://logo.clearbit.com/arcesium.com
81,81,Supermarket Grocery Supplies,,nan
82,82,Shubham Housing Development Finance,shubham.co,https://logo.clearbit.com/shubham.co
83,83,InViz AI Solutions,,nan
84,84,Motogo,motogon.ru,https://logo.clearbit.com/motogon.ru
85,85,NIT Patna,nitp.ac.in,https://logo.clearbit.com/nitp.ac.in
86,86,Jason's Deli,jasonsdeli.com,https://logo.clearbit.com/jasonsdeli.com
87,87,Indira Gandhi Delhi Technical University for Women,,nan
88,88,Tata CLiQ,tatacliq.com,https://logo.clearbit.com/tatacliq.com
89,89,Betterhalf,betterhalf.ai,https://logo.clearbit.com/betterhalf.ai
90,90,Sasken,sasken.com,https://logo.clearbit.com/sasken.com
91,91,Advanced Millennium Technologies,amt.in,https://logo.clearbit.com/amt.in
92,92,Unacademy,unacademy.com,https://logo.clearbit.com/unacademy.com
93,93,SnapBizz Cloudtech,snapbizz.com,https://logo.clearbit.com/snapbizz.com
94,94,Appoids Tech Solutions,,nan
95,95,Freelancer,freelancer.com,https://logo.clearbit.com/freelancer.com
96,96,SQUARE N CUBE,,nan
97,97,Samsung R&D Institute India - Bangalore,samsungrepair.com,https://logo.clearbit.com/samsungrepair.com
98,98,DXMinds Technologies,,nan
99,99,Endeavour Software Technologies,,nan
100,100,Craft Silicon,craftsilicon.com,https://logo.clearbit.com/craftsilicon.com
101,101,Baronford & Associates,,nan
102,102,Wibmo,wibmo.co,https://logo.clearbit.com/wibmo.co
103,103,Retail Pulse,retailpulse.ai,https://logo.clearbit.com/retailpulse.ai
104,104,Bookmyshow,bookmyshow.com,https://logo.clearbit.com/bookmyshow.com
105,105,Knowledge Flex,knowledgeflex.com,https://logo.clearbit.com/knowledgeflex.com
106,106,Novopay Solutions,,nan
107,107,WealthEngine,wealthengine.com,https://logo.clearbit.com/wealthengine.com
108,108,J.P. Morgan,jpmorgan.com,https://logo.clearbit.com/jpmorgan.com
109,109,Acviss,acviss.com,https://logo.clearbit.com/acviss.com
110,110,Fresher,fresherslive.com,https://logo.clearbit.com/fresherslive.com
111,111,MedOnGo,medongo.com,https://logo.clearbit.com/medongo.com
112,112,Nuclei,gonuclei.com,https://logo.clearbit.com/gonuclei.com
113,113,eSecForte Technologies,esecforte.com,https://logo.clearbit.com/esecforte.com
114,114,Moveinsync Technology Solutions,,nan
115,115,Tech Mahindra,techmahindra.com,https://logo.clearbit.com/techmahindra.com
116,116,ThiDiff Technologies,thidiff.com,https://logo.clearbit.com/thidiff.com
117,117,Retranz Infolabs,,nan
118,118,FicusLot,ficuslot.com,https://logo.clearbit.com/ficuslot.com
119,119,KrazyBee,krazybee.jp,https://logo.clearbit.com/krazybee.jp
120,120,powerplay app,,nan
121,121,Dcoder,dcoder.tech,https://logo.clearbit.com/dcoder.tech
122,122,Masai School,masaischool.com,https://logo.clearbit.com/masaischool.com
123,123,Integra Micro Software Services (P),,nan
124,124,DocsApp,docsapp.in,https://logo.clearbit.com/docsapp.in
125,125,Vispara Technosoft,visparatechnosoft.com,https://logo.clearbit.com/visparatechnosoft.com
126,126,Vmoksha Technologies,vmokshagroup.com,https://logo.clearbit.com/vmokshagroup.com
127,127,Artoo,artoonsolutions.com,https://logo.clearbit.com/artoonsolutions.com
128,128,Edelweiss Financial Services,,nan
129,129,Hubbler,hubblerapp.com,https://logo.clearbit.com/hubblerapp.com
130,130,L&T Technology Services,linkedin.com,https://logo.clearbit.com/linkedin.com
131,131,Rossitek Mobile Apps Development,,nan
132,132,Pricyfy,pricyfy.com,https://logo.clearbit.com/pricyfy.com
133,133,MYNEWCAR,mynewcar.in,https://logo.clearbit.com/mynewcar.in
134,134,IBM,ibm.com,https://logo.clearbit.com/ibm.com
135,135,Panel Coder Software Technologies,,nan
136,136,Knitter,knitterspride.com,https://logo.clearbit.com/knitterspride.com
137,137,3Embed Software Technologies,3embed.com,https://logo.clearbit.com/3embed.com
138,138,Web Digital Mantra,webdigitalmantra.in,https://logo.clearbit.com/webdigitalmantra.in
139,139,FitnyTech,fitnytech.in,https://logo.clearbit.com/fitnytech.in
140,140,CRK Gida Technologies,gida.in,https://logo.clearbit.com/gida.in
141,141,FuGenX Technologies,fugenx.com,https://logo.clearbit.com/fugenx.com
142,142,Outthinking,outthinkingindia.com,https://logo.clearbit.com/outthinkingindia.com
143,143,iMars Technologies,imarstech.com,https://logo.clearbit.com/imarstech.com
144,144,GreedyGame,greedygame.com,https://logo.clearbit.com/greedygame.com
145,145,In Time Tec,intimetec.com,https://logo.clearbit.com/intimetec.com
146,146,IndGlobal,indglobal.in,https://logo.clearbit.com/indglobal.in
147,147,CYBERNETYX Interaktiv,,nan
148,148,Karabi Software,karabisoftware.com,https://logo.clearbit.com/karabisoftware.com
149,149,Keyfalcon Solutions,keyfalconsolutions.com,https://logo.clearbit.com/keyfalconsolutions.com
150,150,ABCDEF,abcdefensivedriving.net,https://logo.clearbit.com/abcdefensivedriving.net
151,151,Cumulations Technologies,cumulations.com,https://logo.clearbit.com/cumulations.com
152,152,Dcoder,dcoder.tech,https://logo.clearbit.com/dcoder.tech
153,153,powerplay app,,nan
154,154,Fembuddy,fembuddy.com,https://logo.clearbit.com/fembuddy.com
155,155,Blewsoft Technologies,,nan
156,156,Across The Globe,atgcf.org,https://logo.clearbit.com/atgcf.org
157,157,HARMAN,harman.com,https://logo.clearbit.com/harman.com
158,158,Oust Labs,oustlabs.com,https://logo.clearbit.com/oustlabs.com
159,159,Kaskeid Designs,,nan
160,160,TruKKer Technologies,,nan
161,161,Datamatics Global Services,,nan
162,162,Grabhouse,,nan
163,163,Msewa Software Solution,,nan
164,164,Honeywell,honeywell.com,https://logo.clearbit.com/honeywell.com
165,165,Prematix Software Solution,prematix.com,https://logo.clearbit.com/prematix.com
166,166,Provab Technosoft,provab.com,https://logo.clearbit.com/provab.com
167,167,Ai-Connect,aiconnectedsolutions.com,https://logo.clearbit.com/aiconnectedsolutions.com
168,168,Idea infinity IT Solutions,ideainfinityit.com,https://logo.clearbit.com/ideainfinityit.com
169,169,Developer On Rent,developeronrent.com,https://logo.clearbit.com/developeronrent.com
170,170,OZOPROP Technologies,,nan
171,171,ThinkTac,thinktac.com,https://logo.clearbit.com/thinktac.com
172,172,Ashwin Infotrron,ashwininfotrron.in,https://logo.clearbit.com/ashwininfotrron.in
173,173,Housejoy,,nan
174,174,Proven Solution,provensolution.com,https://logo.clearbit.com/provensolution.com
175,175,Blooms Mobility Technologies,,nan
176,176,DT Consulting,dt-consulting.com,https://logo.clearbit.com/dt-consulting.com
177,177,Kartel Technosoft,karteltechnosoft.com,https://logo.clearbit.com/karteltechnosoft.com
178,178,Philips,philips.com,https://logo.clearbit.com/philips.com
179,179,Vensure Employer Services,,nan
180,180,Siemens,siemens.com,https://logo.clearbit.com/siemens.com
181,181,Fresher,fresherslive.com,https://logo.clearbit.com/fresherslive.com
182,182,K12 Techno Services,k12technoservices.com,https://logo.clearbit.com/k12technoservices.com
183,183,myGate,mygate.com,https://logo.clearbit.com/mygate.com
184,184,Moonraft Innovation Labs,moonraft.com,https://logo.clearbit.com/moonraft.com
185,185,Recro,recroom.com,https://logo.clearbit.com/recroom.com
186,186,Appiness Interactive,appinessworld.com,https://logo.clearbit.com/appinessworld.com
187,187,Playment,playmental.com,https://logo.clearbit.com/playmental.com
188,188,DXC Technology,dxc.com,https://logo.clearbit.com/dxc.com
189,189,PwC,pwc.com,https://logo.clearbit.com/pwc.com
190,190,Mindtree,mindtreecanada.ca,https://logo.clearbit.com/mindtreepsychology.com
191,191,Tata Consultancy Services (North America),,nan
192,192,TCS,tcs.com,https://logo.clearbit.com/tcs.com
193,193,Nones,nonesuch.com,https://logo.clearbit.com/nonesuch.com
194,194,EMPLOYERS,employers.com,https://logo.clearbit.com/employers.com
195,195,Fidelity Investments,fidelity.com,https://logo.clearbit.com/fidelity.com
196,196,Happiest Minds Technologies,happiestminds.com,https://logo.clearbit.com/happiestminds.com
197,197,Test,test-guide.com,https://logo.clearbit.com/test-guide.com
198,198,Datamatics Global Services,,nan
199,199,HashedIn by Deloitte,,nan
200,200,Epsilon,epsilon.com,https://logo.clearbit.com/epsilon.com
201,201,ClearTax,cleartax.in,https://logo.clearbit.com/cleartax.in
202,202,Bookmyshow,bookmyshow.com,https://logo.clearbit.com/bookmyshow.com
203,203,MountBlue Technologies,mountblue.io,https://logo.clearbit.com/mountblue.io
204,204,Soroco,soroco.com,https://logo.clearbit.com/soroco.com
205,205,Geekyants Software,,nan
206,206,Terralogic,terralogic.com,https://logo.clearbit.com/terralogic.com
207,207,i-exceed technology solutions,i-exceed.com,https://logo.clearbit.com/i-exceed.com
208,208,Headout,headout.com,https://logo.clearbit.com/headout.com
209,209,Locus,locusmag.com,https://logo.clearbit.com/locusmag.com
210,210,Shaw Academy,shawacademy.com,https://logo.clearbit.com/shawacademy.com
211,211,Masai School,masaischool.com,https://logo.clearbit.com/masaischool.com
212,212,Xelpmoc Design & Tech,xelpmoc.in,https://logo.clearbit.com/xelpmoc.in
213,213,CoWrks,cowrks.com,https://logo.clearbit.com/cowrks.com
214,214,Fisdom,fisdom.com,https://logo.clearbit.com/fisdom.com
215,215,Provab Technosoft,provab.com,https://logo.clearbit.com/provab.com
216,216,CognitiveClouds,cognitiveclouds.com,https://logo.clearbit.com/cognitiveclouds.com
217,217,Artivatic Data Labs,,nan
218,218,VuNet Systems,vunetsystems.com,https://logo.clearbit.com/vunetsystems.com
219,219,Checktronix,,nan
220,220,triSys IT Services,trisysit.com,https://logo.clearbit.com/trisysit.com
221,221,Cartoon Mango,cartoonmango.com,https://logo.clearbit.com/cartoonmango.com
222,222,SpotDraft,spotdraft.com,https://logo.clearbit.com/spotdraft.com
223,223,Marmeto,marmeto.com,https://logo.clearbit.com/marmeto.com
224,224,PhaseZero Ventures,,nan
225,225,iOSys,iosys.co.jp,https://logo.clearbit.com/iosys.co.jp
226,226,Panorbit,panorbit.in,https://logo.clearbit.com/panorbit.in
227,227,Maistering,maistering.com,https://logo.clearbit.com/maistering.com
228,228,Zersys Technologies,zersys.com,https://logo.clearbit.com/zersys.com
229,229,Amplus,amplussolar.com,https://logo.clearbit.com/amplussolar.com
230,230,Hop financial solutions,,nan
231,231,Machstatz,machstatz.com,https://logo.clearbit.com/machstatz.com
232,232,Data Ratings Intelligence,,nan
233,233,Tata Consultancy Services,tcs.com,https://logo.clearbit.com/tcs.com
234,234,Accenture,accenture.com,https://logo.clearbit.com/accenture.com
235,235,HCL Technologies,hclsrilanka.com,https://logo.clearbit.com/hclsrilanka.com
236,236,Oracle,oracle.com,https://logo.clearbit.com/oracle.com
237,237,BYJU'S,byjusfutureschool.com,https://logo.clearbit.com/byjusfutureschool.com
238,238,First Student,workatfirst.com,https://logo.clearbit.com/workatfirst.com
239,239,Fresher,fresherslive.com,https://logo.clearbit.com/fresherslive.com
240,240,HARMAN,harman.com,https://logo.clearbit.com/harman.com
241,241,Zomato,zomato.com,https://logo.clearbit.com/zomato.com
242,242,Self Opportunity,selfopportunity.com,https://logo.clearbit.com/selfopportunity.com
243,243,XYZ,xyzhomework.com,https://logo.clearbit.com/xyzhomework.com
244,244,TATA ELXSI,tataelxsi.com,https://logo.clearbit.com/tataelxsi.com
245,245,Sopra Steria,soprasteria.com,https://logo.clearbit.com/soprasteria.com
246,246,Philips,philips.com,https://logo.clearbit.com/philips.com
247,247,Ola,olasjobs.org,https://logo.clearbit.com/olasjobs.org
248,248,Vedantu,vedantu.com,https://logo.clearbit.com/vedantu.com
249,249,ABCDEF,abcdefensivedriving.net,https://logo.clearbit.com/abcdefensivedriving.net
250,250,ABB,abbvie.com,https://logo.clearbit.com/abbvie.com
251,251,HP Inc.,hpincket.com,https://logo.clearbit.com/hpincket.com
252,252,[24]7.ai,airbnb.com,https://logo.clearbit.com/airbnb.com
253,253,Huawei Technologies,,nan
254,254,Anonymous,anonhq.com,https://logo.clearbit.com/anonhq.com
255,255,Anonymous,anonhq.com,https://logo.clearbit.com/anonhq.com
256,256,Shell,shell.com,https://logo.clearbit.com/shell.com
257,257,Shell,shell.com,https://logo.clearbit.com/shell.com
258,258,XYZ (Turkey),,nan
259,259,Walmart,walmart.com,https://logo.clearbit.com/walmart.com
260,260,JLL,jll.com,https://logo.clearbit.com/jll.com
261,261,Virtual Employee,virtualemployee.com,https://logo.clearbit.com/virtualemployee.com
262,262,Sonata Software,sonata-software.com,https://logo.clearbit.com/sonata-software.com
263,263,Decathlon,decathlon.fr,https://logo.clearbit.com/decathlon.fr
264,264,Intuit,intuit.com,https://logo.clearbit.com/intuit.com
265,265,Visa Inc.,,nan
266,266,Infinite Computer Solutions,infinite.com,https://logo.clearbit.com/infinite.com
267,267,Walmart Global Tech,,nan
268,268,Manhattan Associates,manh.com,https://logo.clearbit.com/manh.com
269,269,Brillio,brillio.com,https://logo.clearbit.com/brillio.com
270,270,Tata Consultancy Services,tcs.com,https://logo.clearbit.com/tcs.com
271,271,Cognizant Technology Solutions,cognizant.co,https://logo.clearbit.com/cognizant.co
272,272,HCL Technologies,hclsrilanka.com,https://logo.clearbit.com/hclsrilanka.com
273,273,Full Creative,full.io,https://logo.clearbit.com/full.io
274,274,Sans Pareil IT Services,,nan
275,275,DLK Technologies,dlktech.co.in,https://logo.clearbit.com/dlktech.co.in
276,276,Infoview Technologies Pvt Limited,,nan
277,277,Infosys,infosys.com,https://logo.clearbit.com/infosys.com
278,278,Wipro,healthplan.com,https://logo.clearbit.com/healthplan.com
279,279,Capgemini,capgemini.com,https://logo.clearbit.com/capgemini.com
280,280,Virtusa,virtusa.com,https://logo.clearbit.com/virtusa.com
281,281,GOFRUGAL Technologies,gofrugal.com,https://logo.clearbit.com/gofrugal.com
282,282,Colan Infotech,colaninfotech.com,https://logo.clearbit.com/colaninfotech.com
283,283,Ravsoft Solutions,ravsoftsolutions.com,https://logo.clearbit.com/ravsoftsolutions.com
284,284,Softlogic Systems,joinsla.com,https://logo.clearbit.com/joinsla.com
285,285,Accenture,accenture.com,https://logo.clearbit.com/accenture.com
286,286,IBM,ibm.com,https://logo.clearbit.com/ibm.com
287,287,DXC Technology,dxc.com,https://logo.clearbit.com/dxc.com
288,288,Zoho,zoho.com.cn,https://logo.clearbit.com/zoho.com.cn
289,289,Hewlett Packard Enterprise | HPE,,nan
290,290,Intellect Design Arena,,nan
291,291,Servion Global Solutions,,nan
292,292,AnywhereWorks,anywhereworks.com,https://logo.clearbit.com/anywhereworks.com
293,293,Solartis,solartis.com,https://logo.clearbit.com/solartis.com
294,294,SRM Technologies,srmtech.com,https://logo.clearbit.com/srmtech.com
295,295,Urjanet,urjanet.com,https://logo.clearbit.com/urjanet.com
296,296,Surya Informatics,suryainformatics.com,https://logo.clearbit.com/suryainformatics.com
297,297,FinaTel,finateltech.com,https://logo.clearbit.com/finateltech.com
298,298,Spiro Solutions,,nan
299,299,7Eleven Arthasastra Technology,,nan
300,300,1 Crore Projects,1croreprojects.com,https://logo.clearbit.com/1croreprojects.com
301,301,Intecminds,intecminds.com,https://logo.clearbit.com/intecminds.com
302,302,Cognizant Technology Solutions,cognizant.co,https://logo.clearbit.com/cognizant.co
303,303,Tech Mahindra,techmahindra.com,https://logo.clearbit.com/techmahindra.com
304,304,Google,google.com,https://logo.clearbit.com/google.com
305,305,Freelancer,freelancer.com,https://logo.clearbit.com/freelancer.com
306,306,Atos-Syntel,atos-syntel.net,https://logo.clearbit.com/atos-syntel.net
307,307,Tata Consultancy Services (North America),,nan
308,308,CGI,cgi.com,https://logo.clearbit.com/cgi.com
309,309,FIS,fisglobal.com,https://logo.clearbit.com/fisglobal.com
310,310,Atos,atos.net,https://logo.clearbit.com/atos.net
311,311,CSC,cscc.edu,https://logo.clearbit.com/cscc.edu
312,312,Newgen Software,newgensoft.com,https://logo.clearbit.com/newgensoft.com
313,313,CSS Corporation,,nan
314,314,TEKsystems,teksystems.com,https://logo.clearbit.com/teksystems.com
315,315,PayPal,paypal.com,https://logo.clearbit.com/paypal.com
316,316,Renault Nissan Technology & Business Centre,rntbci.in,https://logo.clearbit.com/rntbci.in
317,317,Bharat Electronics,beil.co.in,https://logo.clearbit.com/beil.co.in
318,318,Altimetrik,altimetrik.com,https://logo.clearbit.com/altimetrik.com
319,319,Microland,microland.com,https://logo.clearbit.com/microland.com
320,320,Fujitsu,fujitsu.com,https://logo.clearbit.com/fujitsu.com
321,321,IIT Madras,iitmaa.org,https://logo.clearbit.com/iitmaa.org
322,322,Photon,photo.net,https://logo.clearbit.com/photo.net
323,323,Capgemini Invent,,nan
324,324,Infoview Technologies Pvt Limited,,nan
325,325,Polaris FT,polarisft.com,https://logo.clearbit.com/polarisft.com
326,326,Ramco Systems,ramco.com,https://logo.clearbit.com/ramco.com
327,327,Tata,tcs.com,https://logo.clearbit.com/tcs.com
328,328,Mahindra Satyam,mahindrasatyam.com,https://logo.clearbit.com/mahindrasatyam.com
329,329,HTC Global Services,,nan
330,330,Magna Infotech,magna.in,https://logo.clearbit.com/magna.in
331,331,2COMS,comsol.com,https://logo.clearbit.com/comsol.com
332,332,Diverse Lynx,diverselynx.com,https://logo.clearbit.com/diverselynx.com
333,333,Ideas2IT,ideas2it.com,https://logo.clearbit.com/ideas2it.com
334,334,ACL Digital,acldigital.com,https://logo.clearbit.com/acldigital.com
335,335,Financial Software & Systems,fss.com.vn,https://logo.clearbit.com/fss.com.vn
336,336,Amara Raja,amararaja.com,https://logo.clearbit.com/amararaja.com
337,337,Lister Technologies,,nan
338,338,Josh Technology Group,joshtechnologygroup.com,https://logo.clearbit.com/joshtechnologygroup.com
339,339,Startup,startupindia.gov.in,https://logo.clearbit.com/startupindia.gov.in
340,340,Kumaran Systems,kumaran.com,https://logo.clearbit.com/kumaran.com
341,341,Object Frontier,object-frontier.com,https://logo.clearbit.com/object-frontier.com
342,342,Dun & Bradstreet,dnb.com,https://logo.clearbit.com/dnb.com
343,343,JAVA,javatpoint.com,https://logo.clearbit.com/javatpoint.com
344,344,Bahwan CyberTek,bahwancybertek.com,https://logo.clearbit.com/bahwancybertek.com
345,345,Experis,experis.com,https://logo.clearbit.com/experis.com
346,346,Volante Technologies,volantetech.com,https://logo.clearbit.com/volantetech.com
347,347,Urjanet,urjanet.com,https://logo.clearbit.com/urjanet.com
348,348,Arjun,arjunphp.com,https://logo.clearbit.com/arjunphp.com
349,349,Chain-Sys,chainsys.com,https://logo.clearbit.com/chainsys.com
350,350,Suresh Surana & Associates,,nan
351,351,AVASOFT,avasoft.com,https://logo.clearbit.com/avasoft.com
352,352,CBSI Global,cbsiglobal.com,https://logo.clearbit.com/cbsiglobal.com
353,353,NewtGlobal,newtglobal.com,https://logo.clearbit.com/newtglobal.com
354,354,Royal Cyber Inc.,,nan
355,355,SysArc Infomatix,sysarcinfomatix.com,https://logo.clearbit.com/sysarcinfomatix.com
356,356,Antal International,antal.com,https://logo.clearbit.com/antal.com
357,357,NIC,niche.com,https://logo.clearbit.com/niche.com
358,358,DTCC,dtcc.edu,https://logo.clearbit.com/dtcc.edu
359,359,Ninestars Information Technologies,,nan
360,360,Infosys,infosys.com,https://logo.clearbit.com/infosys.com
361,361,Cigniti Inc.,,nan
362,362,Wipro,healthplan.com,https://logo.clearbit.com/healthplan.com
363,363,Tata Consultancy Services,tcs.com,https://logo.clearbit.com/tcs.com
364,364,ZenQ,zenqms.com,https://logo.clearbit.com/zenqms.com
365,365,Ivy,ivytech.edu,https://logo.clearbit.com/ivytech.edu
366,366,Accenture,accenture.com,https://logo.clearbit.com/accenture.com
367,367,Tech Mahindra,techmahindra.com,https://logo.clearbit.com/techmahindra.com
368,368,AVEVA,aveva.com,https://logo.clearbit.com/aveva.com
369,369,Capgemini,capgemini.com,https://logo.clearbit.com/capgemini.com
370,370,Test,test-guide.com,https://logo.clearbit.com/test-guide.com
371,371,Cognizant Technology Solutions,cognizant.co,https://logo.clearbit.com/cognizant.co
372,372,HCL Technologies,hclsrilanka.com,https://logo.clearbit.com/hclsrilanka.com
373,373,Pole To Win,ptw-i.com,https://logo.clearbit.com/ptw-i.com
374,374,Wipro Technologies,,nan
375,375,UnitedHealth Group,unitedhealthgroup.com,https://logo.clearbit.com/unitedhealthgroup.com
376,376,Prolifics,prolifics.com,https://logo.clearbit.com/prolifics.com
377,377,CGI,cgi.com,https://logo.clearbit.com/cgi.com
378,378,IBM,ibm.com,https://logo.clearbit.com/ibm.com
379,379,Oracle,oracle.com,https://logo.clearbit.com/oracle.com
380,380,ValueLabs,valuelabs.com,https://logo.clearbit.com/valuelabs.com
381,381,Pole To Win,ptw-i.com,https://logo.clearbit.com/ptw-i.com
382,382,DXC Technology,dxc.com,https://logo.clearbit.com/dxc.com
383,383,CSC,cscc.edu,https://logo.clearbit.com/cscc.edu
384,384,Teradata,teradata.com,https://logo.clearbit.com/teradata.com
385,385,Optum,optum.com,https://logo.clearbit.com/optum.com
386,386,Marquistech,marquistech.com,https://logo.clearbit.com/marquistech.com
387,387,Infosys BPM,infosysbpm.com,https://logo.clearbit.com/infosysbpm.com
388,388,Qvantel,qvantel.com,https://logo.clearbit.com/qvantel.com
389,389,Fresher,fresherslive.com,https://logo.clearbit.com/fresherslive.com
390,390,TCS,tcs.com,https://logo.clearbit.com/tcs.com
391,391,Birlasoft,birlasoft.com,https://logo.clearbit.com/birlasoft.com
392,392,Accolite Digital,,nan
393,393,Google,google.com,https://logo.clearbit.com/google.com
394,394,Qualcomm,qualcomm.com,https://logo.clearbit.com/qualcomm.com
395,395,A&A Innovative Solutions,adobe.com,https://logo.clearbit.com/adobe.com
396,396,EdgeVerve Systems,,nan
397,397,TES Engineering,tesengineering.com,https://logo.clearbit.com/tesengineering.com
398,398,Tester Work,testerwork.com,https://logo.clearbit.com/testerwork.com
399,399,Enhops,enhops.com,https://logo.clearbit.com/enhops.com
400,400,mroads,mroads.com,https://logo.clearbit.com/mroads.com
401,401,IMImobile,,nan
402,402,Deloitte,deloitte.com,https://logo.clearbit.com/deloitte.com
403,403,Pervacio,pervacio.com,https://logo.clearbit.com/pervacio.com
404,404,DBS Bank,dbs.com.sg,https://logo.clearbit.com/dbs.com.sg
405,405,Memorex,memorex.com,https://logo.clearbit.com/memorex.com
406,406,Optum Global Solutions,,nan
407,407,vSplash Techlabs,,nan
408,408,Kony,konyang.ac.kr,https://logo.clearbit.com/konyang.ac.kr
409,409,Franklin Templeton Investments,,nan
410,410,Tech Mahindra,techmahindra.com,https://logo.clearbit.com/techmahindra.com
411,411,Yash Technologies,yash.com,https://logo.clearbit.com/yash.com
412,412,Netxcell,netxcell.com,https://logo.clearbit.com/netxcell.com
413,413,test,test-guide.com,https://logo.clearbit.com/test-guide.com
414,414,ValueMomentum,valuemomentum.com,https://logo.clearbit.com/valuemomentum.com
415,415,TecFinics,tecfinics.com,https://logo.clearbit.com/tecfinics.com
416,416,VotaryTech,votarytech.com,https://logo.clearbit.com/votarytech.com
417,417,UV Infratech Systems,,nan
418,418,Infosys,infosys.com,https://logo.clearbit.com/infosys.com
419,419,ADP,adp.com,https://logo.clearbit.com/adp.com
420,420,Wipro,healthplan.com,https://logo.clearbit.com/healthplan.com
421,421,TIBCO Software,informationbuilders.com,https://logo.clearbit.com/informationbuilders.com
422,422,Deloitte,deloitte.com,https://logo.clearbit.com/deloitte.com
423,423,People Link Unified Communications,,nan
424,424,Tata Consultancy Services,tcs.com,https://logo.clearbit.com/tcs.com
425,425,Mahindra Satyam,mahindrasatyam.com,https://logo.clearbit.com/mahindrasatyam.com
426,426,Fresher,fresherslive.com,https://logo.clearbit.com/fresherslive.com
427,427,Broadridge,broadridge.com,https://logo.clearbit.com/broadridge.com
428,428,Anonymous Content,anonymouscontent.com,https://logo.clearbit.com/anonymouscontent.com
429,429,QO-BOX,qo-box.com,https://logo.clearbit.com/qo-box.com
430,430,Test,test-guide.com,https://logo.clearbit.com/test-guide.com
431,431,Rythmos,rythmoshome.com,https://logo.clearbit.com/rythmoshome.com
432,432,AGS Infotech limited,agsinfotech.biz,https://logo.clearbit.com/agsinfotech.biz
433,433,Planon,planonsoftware.com,https://logo.clearbit.com/planonsoftware.com
434,434,NCR,ncr.com,https://logo.clearbit.com/ncr.com
435,435,Freelancer,freelancer.com,https://logo.clearbit.com/freelancer.com
436,436,Test,test-guide.com,https://logo.clearbit.com/test-guide.com
437,437,V-Soft Consulting Group,,nan
438,438,Volante Technologies,volantetech.com,https://logo.clearbit.com/volantetech.com
439,439,Attra,attracta.com,https://logo.clearbit.com/attracta.com
440,440,Test,test-guide.com,https://logo.clearbit.com/test-guide.com
441,441,Aditya Enterprises,adityaent.in,https://logo.clearbit.com/adityaent.in
442,442,Dhatri Info Solutions,dhatriinfo.com,https://logo.clearbit.com/dhatriinfo.com
443,443,XYZ (Turkey),,nan
444,444,Pactera,pactera.com,https://logo.clearbit.com/pactera.com
445,445,Artha Net Support Centre,,nan
446,446,Agility,agilitypr.com,https://logo.clearbit.com/agilitypr.com
447,447,Smarts Choice It Technologies Solutions,,nan
448,448,Promaestro Techsource,,nan
449,449,Intertek,intertek.com,https://logo.clearbit.com/intertek.com
450,450,Snyxius,,nan
451,451,Krafty Solutions,krafty.in,https://logo.clearbit.com/krafty.in
452,452,PurpleSense Digital Solutions,,nan
453,453,Cognizant Technology Solutions,cognizant.co,https://logo.clearbit.com/cognizant.co
454,454,LTI,l-tike.com,https://logo.clearbit.com/l-tike.com
455,455,Mphasis,mphasis.com,https://logo.clearbit.com/mphasis.com
456,456,Honeywell,honeywell.com,https://logo.clearbit.com/honeywell.com
457,457,SAP,concursolutions.com,https://logo.clearbit.com/concursolutions.com
458,458,Robert Bosch India,,nan
459,459,Paytm,paytm.com,https://logo.clearbit.com/paytm.com
460,460,ITC Infotech,itcinfotech.com,https://logo.clearbit.com/itcinfotech.com
461,461,IBM India,,nan
462,462,IQVIA,iqvia.com,https://logo.clearbit.com/iqvia.com
463,463,KPIT Technologies,,nan
464,464,HARMAN,harman.com,https://logo.clearbit.com/harman.com
465,465,Thomson Reuters,thomsonreuters.com,https://logo.clearbit.com/thomsonreuters.com
466,466,Verizon,verizon.com,https://logo.clearbit.com/verizon.com
467,467,Verizon,verizon.com,https://logo.clearbit.com/verizon.com
468,468,Ola,olasjobs.org,https://logo.clearbit.com/olasjobs.org
469,469,Walmart,walmart.com,https://logo.clearbit.com/walmart.com
470,470,Test,test-guide.com,https://logo.clearbit.com/test-guide.com
471,471,Altimetrik,altimetrik.com,https://logo.clearbit.com/altimetrik.com
472,472,NIIT,niit.com,https://logo.clearbit.com/niit.com
473,473,Brillio,brillio.com,https://logo.clearbit.com/brillio.com
474,474,Apple,apple.com,https://logo.clearbit.com/apple.com
475,475,TeamLease Staffing Solutions,,nan
476,476,Allstate India,allstateindia.com,https://logo.clearbit.com/allstateindia.com
477,477,Talent Zone Consultants,,nan
478,478,Directi,directindustry.com,https://logo.clearbit.com/directindustry.com
479,479,Diverse Lynx,diverselynx.com,https://logo.clearbit.com/diverselynx.com
480,480,Bookmyshow,bookmyshow.com,https://logo.clearbit.com/bookmyshow.com
481,481,Chandigarh University,cuchd.in,https://logo.clearbit.com/cuchd.in
482,482,Landmark Group,landmarkgroup.com,https://logo.clearbit.com/landmarkgroup.com
483,483,smartData Enterprises,smartdatainc.com.au,https://logo.clearbit.com/smartdatainc.com.au
484,484,Sears,sears.com,https://logo.clearbit.com/sears.com
485,485,Gojek,gojek.com,https://logo.clearbit.com/gojek.com
486,486,EVRY India,,nan
487,487,Kuliza Technology,,nan
488,488,Mobile Programming,mobileprogramming.com,https://logo.clearbit.com/mobileprogramming.com
489,489,Goibibo,goibibo.com,https://logo.clearbit.com/goibibo.com
490,490,FreeCharge,freecharge.in,https://logo.clearbit.com/freecharge.in
491,491,Hike,hikersbay.com,https://logo.clearbit.com/hikersbay.com
492,492,Synchronoss,synchronoss.com,https://logo.clearbit.com/synchronoss.com
493,493,Rao IIT Academy,raoiit.com,https://logo.clearbit.com/raoiit.com
494,494,DynPro,dynpro.com,https://logo.clearbit.com/dynpro.com
495,495,JoulestoWatts Business Solutions,,nan
496,496,Genisys Group,genisys-group.com,https://logo.clearbit.com/genisys-group.com
497,497,Unnati,unnatisilks.com,https://logo.clearbit.com/unnatisilks.com
498,498,Time Inc.,timeincagency.com,https://logo.clearbit.com/timeincagency.com
499,499,Mantra Labs,mantralabsglobal.com,https://logo.clearbit.com/mantralabsglobal.com
500,500,Nuclei,gonuclei.com,https://logo.clearbit.com/gonuclei.com
501,501,eMudhra,emudhradigital.com,https://logo.clearbit.com/emudhradigital.com
502,502,NiYO,goniyo.com,https://logo.clearbit.com/goniyo.com
503,503,TechTree IT Systems,,nan
504,504,Housejoy,,nan
505,505,Softway,softway.it,https://logo.clearbit.com/softway.it
506,506,Zerone Consulting,zerone-consulting.com,https://logo.clearbit.com/zerone-consulting.com
507,507,Multi Recruit,multirecruit.com,https://logo.clearbit.com/multirecruit.com
508,508,Falabella,falabella.com,https://logo.clearbit.com/falabella.com
509,509,Mobinius,mobinius.com,https://logo.clearbit.com/mobinius.com
510,510,Carmatec,carmatec.com,https://logo.clearbit.com/carmatec.com
511,511,Apostek,apostekgames.com,https://logo.clearbit.com/apostekgames.com
512,512,CognitiveClouds,cognitiveclouds.com,https://logo.clearbit.com/cognitiveclouds.com
513,513,OM SOFTWARE,omsoftware.net,https://logo.clearbit.com/omsoftware.net
514,514,SHARP Software Development India,sharp.co.in,https://logo.clearbit.com/sharp.co.in
515,515,Airpush,airpush.com,https://logo.clearbit.com/airpush.com
516,516,TechJini,techjini.com,https://logo.clearbit.com/techjini.com
517,517,SpurTree Technologies,spurtreetech.com,https://logo.clearbit.com/spurtreetech.com
518,518,Kristal.AI,kristal.ai,https://logo.clearbit.com/kristal.ai
519,519,Inkoniq IT Solutions,,nan
520,520,Kirusa,kirusa.com,https://logo.clearbit.com/kirusa.com
521,521,Klizo Solutions Pvt Ltd,,nan
522,522,Tipstat,tipstat.com,https://logo.clearbit.com/tipstat.com
523,523,FuGenX Technologies,fugenx.com,https://logo.clearbit.com/fugenx.com
524,524,Scoop Technologies (India),,nan
525,525,ThiDiff Technologies,thidiff.com,https://logo.clearbit.com/thidiff.com
526,526,Enparadigm Performance Solutions,,nan
527,527,Globex Digital Solutions,,nan
528,528,MMAD Apps,mmadapps.com,https://logo.clearbit.com/mmadapps.com
529,529,Codewave,codewave.com,https://logo.clearbit.com/codewave.com
530,530,Codebrahma,codebrahma.com,https://logo.clearbit.com/codebrahma.com
531,531,Tech Active,techactive.fr,https://logo.clearbit.com/techactive.fr
532,532,Tech Active,techactive.fr,https://logo.clearbit.com/techactive.fr
533,533,KVC CONSULTANTS,kvcconsultantsltd.com,https://logo.clearbit.com/kvcconsultantsltd.com
534,534,Wisdomleaf Technologies,wisdomleaf.com,https://logo.clearbit.com/wisdomleaf.com
535,535,Perk,perksatwork.com,https://logo.clearbit.com/perksatwork.com
536,536,Boston Technology Corporation,,nan
537,537,WebMobi,webmobilefirst.com,https://logo.clearbit.com/webmobilefirst.com
538,538,Henote Technologies,,nan
539,539,Nexplace Info,nexplaceinfo.com,https://logo.clearbit.com/nexplaceinfo.com
540,540,Shaw Academy,shawacademy.com,https://logo.clearbit.com/shawacademy.com
541,541,Synup,synup.com,https://logo.clearbit.com/synup.com
542,542,Money View,moneyview.in,https://logo.clearbit.com/moneyview.in
543,543,Pixis,pixis.ai,https://logo.clearbit.com/pixis.ai
544,544,Quizizz,quizizz.com,https://logo.clearbit.com/quizizz.com
545,545,Bang the Table,,nan
546,546,DigiCollect,digicollect.com,https://logo.clearbit.com/digicollect.com
547,547,Mindera,minderadx.com,https://logo.clearbit.com/minderadx.com
548,548,Bytemark,bytemark.co,https://logo.clearbit.com/bytemark.co
549,549,BigApp,bigapplecollectibles.com,https://logo.clearbit.com/bigapplecollectibles.com
550,550,Tata Consultancy Services,tcs.com,https://logo.clearbit.com/tcs.com
551,551,Tata Consultancy Services,tcs.com,https://logo.clearbit.com/tcs.com
552,552,Wipro,healthplan.com,https://logo.clearbit.com/healthplan.com
553,553,Amazon,amazon.com,https://logo.clearbit.com/amazon.com
554,554,Amazon,amazon.com,https://logo.clearbit.com/amazon.com
555,555,HCL Technologies,hclsrilanka.com,https://logo.clearbit.com/hclsrilanka.com
556,556,IBM,ibm.com,https://logo.clearbit.com/ibm.com
557,557,Deloitte,deloitte.com,https://logo.clearbit.com/deloitte.com
558,558,BYJU'S,byjusfutureschool.com,https://logo.clearbit.com/byjusfutureschool.com
559,559,Cisco Systems,,nan
560,560,Reliance Industries,ril.com,https://logo.clearbit.com/ril.com
561,561,Wipro Technologies,,nan
562,562,Freelancer,freelancer.com,https://logo.clearbit.com/freelancer.com
563,563,Freelancer,freelancer.com,https://logo.clearbit.com/freelancer.com
564,564,Tata Consultancy Services (North America),,nan
565,565,DONE by NONE,donebynone.com,https://logo.clearbit.com/donebynone.com
566,566,Goldman Sachs,goldmansachs.com,https://logo.clearbit.com/goldmansachs.com
567,567,Samsung R&D Institute India - Bangalore,samsungrepair.com,https://logo.clearbit.com/samsungrepair.com
568,568,Nones,nonesuch.com,https://logo.clearbit.com/nonesuch.com
569,569,Paytm,paytm.com,https://logo.clearbit.com/paytm.com
570,570,Paytm,paytm.com,https://logo.clearbit.com/paytm.com
571,571,Adobe,adobe.com,https://logo.clearbit.com/adobe.com
572,572,Hewlett Packard Enterprise | HPE,,nan
573,573,ITC Infotech,itcinfotech.com,https://logo.clearbit.com/itcinfotech.com
574,574,EMPLOYERS,employers.com,https://logo.clearbit.com/employers.com
575,575,VMware,vmware.com,https://logo.clearbit.com/vmware.com
576,576,Swiggy,swiggy.com,https://logo.clearbit.com/swiggy.com
577,577,Optum,optum.com,https://logo.clearbit.com/optum.com
578,578,Ola,olasjobs.org,https://logo.clearbit.com/olasjobs.org
579,579,Other,macsales.com,https://logo.clearbit.com/macsales.com
580,580,Vedantu,vedantu.com,https://logo.clearbit.com/vedantu.com
581,581,[24]7.ai,airbnb.com,https://logo.clearbit.com/airbnb.com
582,582,TEKsystems,teksystems.com,https://logo.clearbit.com/teksystems.com
583,583,Aditya Birla Group,adityabirla.com,https://logo.clearbit.com/adityabirla.com
584,584,XYZ (Turkey),,nan
585,585,IDFC First Bank,idfcfirstbank.com,https://logo.clearbit.com/idfcfirstbank.com
586,586,SelfEmployed.com,selfemployed.com,https://logo.clearbit.com/selfemployed.com
587,587,Altimetrik,altimetrik.com,https://logo.clearbit.com/altimetrik.com
588,588,Infinite Computer Solutions,infinite.com,https://logo.clearbit.com/infinite.com
589,589,Practo Technologies,,nan
590,590,ServiceNow,servicenow.com,https://logo.clearbit.com/servicenow.com
591,591,Home Credit India,,nan
592,592,Nutanix,nutanix.com,https://logo.clearbit.com/nutanix.com
593,593,Xebia,xebia.com,https://logo.clearbit.com/xebia.com
594,594,NoBroker,nobroker.in,https://logo.clearbit.com/nobroker.in
595,595,QA InfoTech,qainfotech.ca,https://logo.clearbit.com/qainfotech.ca
596,596,Tally Solutions,tallysolutions.com,https://logo.clearbit.com/tallysolutions.com
597,597,Bookmyshow,bookmyshow.com,https://logo.clearbit.com/bookmyshow.com
598,598,Accion Labs,accionlabs.com,https://logo.clearbit.com/accionlabs.com
599,599,HealthifyMe,healthifyme.com,
600,600,Treebo Hotels,treebo.com,
601,601,Dunzo,dunzo.com,
602,602,MountBlue Technologies,mountblue.io,
603,603,Trell,trello.com,
604,604,ZestMoney,zestmoney.in,
605,605,Slide Inc,,
606,606,Student,studentaid.gov,
607,607,Newfold Digital,newfold.com,
608,608,Paytm Money,paytmmoney.com,
609,609,Web-Designer,webdesignerdepot.com,
610,610,The Others,theothershift.com,
611,611,Impact Analytics,impactanalytics.co,
612,612,ASDA,asda.com,
613,613,Grab,grabagun.com,
614,614,Karan,karanpc.com,
615,615,mfine,mfine.co,
616,616,RWS Group,rws.com,
617,617,HungerBox,hungerbox.com,
618,618,Neustar,neustarlocaleze.biz,
619,619,OLX People,,
620,620,smallcase,smallcase.com,
621,621,Pratilipi,pratilipi.com,
622,622,MoneyTap,moneytap.com,
623,623,RLabs Enterprise Services,,
624,624,Avail Finance,availfinance.in,
625,625,Digité,digitecnica.net,
626,626,Halodoc,halodoc.com,
627,627,Joveo,joveo.com,
628,628,Cyware,cyware.com,
629,629,CRED,creditkarma.com,
630,630,Softech ERP Solutions,softechsolutions.co.in,
631,631,Tata Consultancy Services,tcs.com,
632,632,Indegene,indegene.com,
633,633,First Student,workatfirst.com,
634,634,Fresher,fresherslive.com,
635,635,Cognizant Technology Solutions,cognizant.co,
636,636,Infosys,infosys.com,
637,637,IBM,ibm.com,
638,638,Wipro,healthplan.com,
639,639,Thomson Reuters,thomsonreuters.com,
640,640,Accenture,accenture.com,
641,641,Amazon,amazon.com,
642,642,Lenovo,lenovo.com.cn,
643,643,Web Developers India,,
644,644,HappLabs,happlabs.tech,
645,645,Tatneft,tatneft.ru,
646,646,Giridhara Software Services,gsstech.in,
647,647,Freelancer,freelancer.com,
648,648,Google,google.com,
649,649,[24]7.ai,airbnb.com,
650,650,Armentum,armentumpet.com,
651,651,Tech Mahindra,techmahindra.com,
652,652,Innohub Technologies,,
653,653,Adjetter,,
654,654,ITC Infotech,itcinfotech.com,
655,655,Inpetro Technologies,inpetrotechnologies.com,
656,656,Fresher,fresherslive.com,
657,657,Webhelp,webhelp.com,
658,658,Oracle,oracle.com,
659,659,Octact Solutions,octact.com,
660,660,Mindtree,mindtreecanada.ca,
661,661,Kuliza Technology,,
662,662,Web Development India,webdevelopmentindia.biz,
663,663,Mphasis,mphasis.com,
664,664,Wipro Digital,,
665,665,First Student,workatfirst.com,
666,666,Exposys Data Labs,exposysdata.com,
667,667,Renavo Technologies,renavo.com,
668,668,Fidelity Investments,fidelity.com,
669,669,Tata Consultancy Services,tcs.com,
670,670,Position2,positioningmag.com,
671,671,Brocade,brocade.co.jp,
672,672,Tatneft,tatneft.ru,
673,673,DotMappers IT,dotmappers.in,
674,674,Verbinden Communications,,
675,675,Lenovo,lenovo.com.cn,
676,676,Web-Designer,webdesignerdepot.com,
677,677,Freshers.com,freshers365.com,
678,678,EFI,efirstbank.com,
679,679,Mentric Group,mentricgroup.com,
680,680,Bang the Table,,
681,681,Fresherworld.com,,
682,682,Codilar Technologies,codilar.com,
683,683,Capgemini,capgemini.com,
684,684,Iglulabs Software,,
685,685,Altorum Leren,altorumleren.com,
686,686,FinMitra,,
687,687,HCL Technologies,hclsrilanka.com,
688,688,East Consultancy Services,,
689,689,IntelOra Resources & Developments,,
690,690,Style Tag,styletag.com,
691,691,Syflani Technologies,,
692,692,Beyondweb,beyondweb.solutions,
693,693,Im a fresher stop asking me,,
694,694,Wayzon,wayzondigital.com,
695,695,Social Beat,socialbeat.in,
696,696,HARMAN,harman.com,
697,697,Zinavo Technologies,,
698,698,ABC,abc7.com,
699,699,Deloitte,deloitte.com,
700,700,Codolin Technologies,codolin.com,
701,701,Mantra Labs,mantralabsglobal.com,
702,702,Arowana Consulting,arowanaconsulting.com,
703,703,Freelancer,freelancer.com,
704,704,WebMobi,webmobilefirst.com,
705,705,LAIKA,laika.com,
706,706,Empower,empower.com,
707,707,CGI,cgi.com,
708,708,Freelancer,freelancer.com,
709,709,Sonata Software,sonata-software.com,
710,710,Inkoniq IT Solutions,,
711,711,Tata Consultancy Services,tcs.com,
712,712,Snipe Tech Pvt Ltd.,,
713,713,ZaranTech,zarantech.com,
714,714,Vmoksha Technologies,vmokshagroup.com,
715,715,Scwebs,scwebs.in,
716,716,Kenscio,kenscio.com,
717,717,India1cart & Mart,,
718,718,HP Inc.,hpincket.com,
719,719,Mercedes-Benz Research and Development India,,
720,720,Tata Consultancy Services,tcs.com,
721,721,Wipro,healthplan.com,
722,722,Capgemini,capgemini.com,
723,723,Infosys,infosys.com,
724,724,Fresher,fresherslive.com,
725,725,Cognizant Technology Solutions,cognizant.co,
726,726,Accenture,accenture.com,
727,727,Python Software Foundation,python.org,
728,728,Fresherworld.com,,
729,729,Mphasis,mphasis.com,
730,730,First Student,workatfirst.com,
731,731,Mindtree,mindtreecanada.ca,
732,732,TCS,tcs.com,
733,733,UST,ustraveldocs.com,
734,734,Fresher,fresherslive.com,
735,735,3Embed Software Technologies,3embed.com,
736,736,Palle Technology,,
737,737,Praktice Ai,praktice.ai,
738,738,Tata Consultancy Services,tcs.com,
739,739,IBM,ibm.com,
740,740,Genpact,genpact.com,
741,741,DXC Technology,dxc.com,
742,742,CGI,cgi.com,
743,743,Robert Bosch India,,
744,744,Nones,nonesuch.com,
745,745,Freshers.com,freshers365.com,
746,746,ABCDEF,abcdefensivedriving.net,
747,747,Fresher Than Fresh,,
748,748,Kyndryl,kyndryl.com,
749,749,Infiniti Research,infinitiresearch.com,
750,750,Accion Labs,accionlabs.com,
751,751,Trigent Software,trigent.com,
752,752,ASM Technologies,asmltd.com,
753,753,Knowledge Lens,knowledgelens.com,
754,754,Fyers,fyers.in,
755,755,Brisa Technologies,brisa-tech.com,
756,756,Bluebird Soft,bluebirdsoftware.co.uk,
757,757,Satyukt,satyukt.com,
758,758,Tata Consultancy Services,tcs.com,
759,759,Infosys,infosys.com,
760,760,Accenture,accenture.com,
761,761,HCL Technologies,hclsrilanka.com,
762,762,Deloitte,deloitte.com,
763,763,Tech Mahindra,techmahindra.com,
764,764,Oracle,oracle.com,
765,765,EY,eyebuydirect.com,
766,766,First Student,workatfirst.com,
767,767,Fresher,fresherslive.com,https://logo.clearbit.com/fresherslive.com
768,768,KPMG,kpmg.us,https://logo.clearbit.com/kpmg.us
769,769,Dell Technologies,delltechnologiescapital.com,https://logo.clearbit.com/delltechnologiescapital.com
770,770,ABC,abc7.com,https://logo.clearbit.com/abc7.com
771,771,Cisco Systems,,nan
772,772,Google,google.com,https://logo.clearbit.com/google.com
773,773,Google,google.com,https://logo.clearbit.com/google.com
774,774,Reliance Industries,ril.com,https://logo.clearbit.com/ril.com
775,775,Wipro Technologies,,nan
776,776,Freelancer,freelancer.com,https://logo.clearbit.com/freelancer.com
777,777,Tata Consultancy Services (North America),,nan
778,778,NTT DATA,nttdata.com,https://logo.clearbit.com/nttdata.com
779,779,DONE by NONE,donebynone.com,https://logo.clearbit.com/donebynone.com
780,780,CGI,cgi.com,https://logo.clearbit.com/cgi.com
781,781,FIS,fisglobal.com,https://logo.clearbit.com/fisglobal.com
782,782,L&T Technology Services,linkedin.com,https://logo.clearbit.com/linkedin.com
783,783,Nones,nonesuch.com,https://logo.clearbit.com/nonesuch.com
784,784,Siemens,siemens.com,https://logo.clearbit.com/siemens.com
785,785,Zoho,zoho.com.cn,https://logo.clearbit.com/zoho.com.cn
786,786,ITC Infotech,itcinfotech.com,
787,787,IQVIA,iqvia.com,https://logo.clearbit.com/iqvia.com
788,788,EMPLOYERS,employers.com,https://logo.clearbit.com/employers.com
789,789,Sutherland,sutherlandshire.nsw.gov.au,https://logo.clearbit.com/sutherlandshire.nsw.gov.au
790,790,YES,yesstyle.com,https://logo.clearbit.com/yesstyle.com
791,791,Société Générale,societegenerale.com,https://logo.clearbit.com/societegenerale.com
792,792,Fresherworld.com,,nan
793,793,Fresher,fresherslive.com,https://logo.clearbit.com/fresherslive.com
794,794,Anonymous Content,anonymouscontent.com,https://logo.clearbit.com/anonymouscontent.com
795,795,Vedantu,vedantu.com,https://logo.clearbit.com/vedantu.com
796,796,ABB,abbvie.com,https://logo.clearbit.com/abbvie.com
797,797,Huawei Technologies,,nan
798,798,Shell,shell.com,https://logo.clearbit.com/shell.com
799,799,Legato Health Technologies,,nan
800,800,TEKsystems,teksystems.com,https://logo.clearbit.com/teksystems.com
801,801,Current,current.com,https://logo.clearbit.com/current.com
802,802,EPAM Systems,epam.com,https://logo.clearbit.com/epam.com
803,803,Wipro Digital,,nan
804,804,Ugam,ugamusic.ug,https://logo.clearbit.com/ugamusic.ug
805,805,Not Applicable,not-applicable.org,https://logo.clearbit.com/not-applicable.org
806,806,XYZ Tech,xyzteknoloji.com,https://logo.clearbit.com/xyzteknoloji.com
807,807,Epsilon,epsilon.com,https://logo.clearbit.com/epsilon.com
808,808,Sabre,sabre.com,https://logo.clearbit.com/sabre.com
809,809,Talent Zone Consultants,,nan
810,810,Xylem Inc.,xylemonline.com,https://logo.clearbit.com/xylemonline.com
811,811,Amelia,wpamelia.com,https://logo.clearbit.com/wpamelia.com
812,812,Danske IT and Support Services,,nan
813,813,Intuit,intuit.com,https://logo.clearbit.com/intuit.com
814,814,Forte Solutions,fortesolutions.com,https://logo.clearbit.com/fortesolutions.com
815,815,BlogBeats,blogbeats.me,https://logo.clearbit.com/blogbeats.me
816,816,NTT DATA,nttdata.com,https://logo.clearbit.com/nttdata.com
817,817,Microland,microland.com,https://logo.clearbit.com/microland.com
818,818,Mindtree,mindtreecanada.ca,https://logo.clearbit.com/mindtreecanada.ca
819,819,Kloud9,kloudspot.com,https://logo.clearbit.com/kloudspot.com
820,820,Bharat Electronics,beil.co.in,https://logo.clearbit.com/beil.co.in
821,821,IHS Markit,ihsmarkit.jp,https://logo.clearbit.com/ihsmarkit.jp
822,822,Aptean,aptean.com,https://logo.clearbit.com/aptean.com
823,823,Pythian,pythian.com,https://logo.clearbit.com/pythian.com
824,824,FIS,fisglobal.com,https://logo.clearbit.com/fisglobal.com
825,825,ABC,abc7.com,https://logo.clearbit.com/abc7.com
826,826,Wells Fargo,wellsfargo.com,https://logo.clearbit.com/wellsfargo.com
827,827,Teradata,teradata.com,https://logo.clearbit.com/teradata.com
828,828,Thermo Fisher Scientific,thermofisher.com,https://logo.clearbit.com/thermofisher.com
829,829,Infinite Computer Solutions,infinite.com,https://logo.clearbit.com/infinite.com
830,830,UST,ustraveldocs.com,https://logo.clearbit.com/ustraveldocs.com
831,831,MH Alshaya,alshaya.co,https://logo.clearbit.com/alshaya.co
832,832,First American Financial Corporation,fafmc.com,https://logo.clearbit.com/fafmc.com
833,833,Wipro,healthplan.com,https://logo.clearbit.com/healthplan.com
834,834,DXC Technology,dxc.com,https://logo.clearbit.com/dxc.com
835,835,Atlas Systems,atlas-sys.com,https://logo.clearbit.com/atlas-sys.com
836,836,J.P. Morgan,jpmorgan.com,https://logo.clearbit.com/jpmorgan.com
837,837,Time Inc.,timeincagency.com,https://logo.clearbit.com/timeincagency.com
838,838,Capgemini,capgemini.com,https://logo.clearbit.com/capgemini.com
839,839,Tech Mahindra,techmahindra.com,https://logo.clearbit.com/techmahindra.com
840,840,Target,target.com,https://logo.clearbit.com/target.com
841,841,Cisco Systems,,nan
842,842,Cerner,cerner.com,https://logo.clearbit.com/cerner.com
843,843,Mindtree,mindtreecanada.ca,https://logo.clearbit.com/mindtreecanada.ca
844,844,DeepLogicTech,deeplogictech.com,https://logo.clearbit.com/deeplogictech.com
845,845,Epsilon,epsilon.com,https://logo.clearbit.com/epsilon.com
846,846,NTT DATA,nttdata.com,https://logo.clearbit.com/nttdata.com
847,847,Mindtree,mindtreecanada.ca,https://logo.clearbit.com/mindtreecanada.ca
848,848,FOCUS EDUMATICS,focusedumatics.com,https://logo.clearbit.com/focusedumatics.com
849,849,Datavail,datavail.com,https://logo.clearbit.com/datavail.com
850,850,News Corp,newscorpaustralia.com,https://logo.clearbit.com/newscorpaustralia.com
851,851,Data Intensity,dataintensity.com,https://logo.clearbit.com/dataintensity.com
852,852,4spl Technologies India,4spl.net,https://logo.clearbit.com/4spl.net
853,853,HARMAN,harman.com,https://logo.clearbit.com/harman.com
854,854,LTI,l-tike.com,https://logo.clearbit.com/l-tike.com
855,855,Datavail,datavail.com,https://logo.clearbit.com/datavail.com
856,856,[24]7.ai,airbnb.com,https://logo.clearbit.com/airbnb.com
857,857,NTT DATA,nttdata.com,https://logo.clearbit.com/nttdata.com
858,858,Altisource,altisource.com,https://logo.clearbit.com/altisource.com
859,859,Dell Technologies,delltechnologiescapital.com,https://logo.clearbit.com/delltechnologiescapital.com
860,860,News Technology Services,,nan
861,861,Mphasis,mphasis.com,https://logo.clearbit.com/mphasis.com
862,862,Tata Consultancy Services,tcs.com,https://logo.clearbit.com/tcs.com
863,863,Oracle,oracle.com,https://logo.clearbit.com/oracle.com
864,864,Accenture Solutions,,nan
865,865,DXC Technology,dxc.com,https://logo.clearbit.com/dxc.com
866,866,Wipro Technologies,,nan
867,867,Microland,microland.com,https://logo.clearbit.com/microland.com
868,868,Mindtree,mindtreecanada.ca,https://logo.clearbit.com/mindtreecanada.ca
869,869,Wipro,healthplan.com,https://logo.clearbit.com/healthplan.com
870,870,FIS,fisglobal.com,https://logo.clearbit.com/fisglobal.com
871,871,IBM,ibm.com,https://logo.clearbit.com/ibm.com
872,872,Cognizant Technology Solutions,cognizant.co,https://logo.clearbit.com/cognizant.co
873,873,Sabre,sabre.com,https://logo.clearbit.com/sabre.com
874,874,HCL Technologies,hclsrilanka.com,https://logo.clearbit.com/hclsrilanka.com
875,875,Amelia,wpamelia.com,https://logo.clearbit.com/wpamelia.com
876,876,Infosys,infosys.com,https://logo.clearbit.com/infosys.com
877,877,NTT DATA,nttdata.com,https://logo.clearbit.com/nttdata.com
878,878,Wells Fargo,wellsfargo.com,https://logo.clearbit.com/wellsfargo.com
879,879,IBM,ibm.com,https://logo.clearbit.com/ibm.com
880,880,Wipro,healthplan.com,https://logo.clearbit.com/healthplan.com
881,881,DXC Technology,dxc.com,https://logo.clearbit.com/dxc.com
882,882,Tata Consultancy Services,tcs.com,https://logo.clearbit.com/tcs.com
883,883,Oracle,oracle.com,https://logo.clearbit.com/oracle.com
884,884,J.P. Morgan,jpmorgan.com,https://logo.clearbit.com/jpmorgan.com
885,885,Accenture,accenture.com,https://logo.clearbit.com/accenture.com
886,886,Sabre,sabre.com,https://logo.clearbit.com/sabre.com
887,887,Amelia,wpamelia.com,https://logo.clearbit.com/wpamelia.com
888,888,Infosys,infosys.com,https://logo.clearbit.com/infosys.com
889,889,IBM India,,nan
890,890,Accenture,accenture.com,https://logo.clearbit.com/accenture.com
891,891,Capgemini,capgemini.com,https://logo.clearbit.com/capgemini.com
892,892,IBM,ibm.com,https://logo.clearbit.com/ibm.com
893,893,Tata Consultancy Services,tcs.com,https://logo.clearbit.com/tcs.com
894,894,Target,target.com,https://logo.clearbit.com/target.com
895,895,ClickSoftware,3click.in,https://logo.clearbit.com/3click.in
896,896,Infosys,infosys.com,https://logo.clearbit.com/infosys.com
897,897,CGI,cgi.com,https://logo.clearbit.com/cgi.com
898,898,IBM,ibm.com,https://logo.clearbit.com/ibm.com
899,899,Tech Mahindra,techmahindra.com,https://logo.clearbit.com/techmahindra.com
900,900,Thoughtworks,thoughtworks.com,https://logo.clearbit.com/thoughtworks.com
901,901,GyanMatrix Technologies,,nan
902,902,Honeywell,honeywell.com,https://logo.clearbit.com/honeywell.com
903,903,Nuclei,gonuclei.com,https://logo.clearbit.com/gonuclei.com
904,904,entomo,entsoc.org,https://logo.clearbit.com/entsoc.org
905,905,Tata Consultancy Services,tcs.com,https://logo.clearbit.com/tcs.com
906,906,Accenture,accenture.com,https://logo.clearbit.com/accenture.com
907,907,Wipro,healthplan.com,https://logo.clearbit.com/healthplan.com
908,908,Capgemini,capgemini.com,https://logo.clearbit.com/capgemini.com
909,909,Publicis Sapient,publicissapient.com,https://logo.clearbit.com/publicissapient.com
910,910,Freelancer,freelancer.com,https://logo.clearbit.com/freelancer.com
911,911,Hewlett Packard Enterprise | HPE,,nan
912,912,Test,test-guide.com,https://logo.clearbit.com/test-guide.com
913,913,Talent Zone Consultants,,nan
914,914,myGate,mygate.com,https://logo.clearbit.com/mygate.com
915,915,Diverse Lynx,diverselynx.com,https://logo.clearbit.com/diverselynx.com
916,916,Bookmyshow,bookmyshow.com,https://logo.clearbit.com/bookmyshow.com
917,917,Nityo Infotech,nityo.com,https://logo.clearbit.com/nityo.com
918,918,Tekion,tekion.com,https://logo.clearbit.com/tekion.com
919,919,DynPro,dynpro.com,https://logo.clearbit.com/dynpro.com
920,920,Grab,grabagun.com,https://logo.clearbit.com/grabagun.com
921,921,Diksha Technologies,dikshatech.com,https://logo.clearbit.com/dikshatech.com
922,922,Compassites Software,compassitesinc.com,https://logo.clearbit.com/compassitesinc.com
923,923,Inube Software Solutions,inubesolutions.com,https://logo.clearbit.com/inubesolutions.com
924,924,Signzy,signzy.com,https://logo.clearbit.com/signzy.com
925,925,Jaguar Land Rover,jaguarlandrover.com,https://logo.clearbit.com/jaguarlandrover.com
926,926,OLX People,,nan
927,927,WinWire Technologies,,nan
928,928,Trinity Mobility,trinitymobility.com,https://logo.clearbit.com/trinitymobility.com
929,929,Shaw Academy,shawacademy.com,https://logo.clearbit.com/shawacademy.com
930,930,Opteamix,opteamix.com,https://logo.clearbit.com/opteamix.com
931,931,T-Mobile,t-mobile.com,https://logo.clearbit.com/t-mobile.com
932,932,ASDA group,,nan
933,933,Litmus World,litmusworld.com,https://logo.clearbit.com/litmusworld.com
934,934,ThiDiff Technologies,thidiff.com,https://logo.clearbit.com/thidiff.com
935,935,Toddle,toddlerapproved.com,https://logo.clearbit.com/toddlerapproved.com
936,936,Toddle,toddlerapproved.com,https://logo.clearbit.com/toddlerapproved.com
937,937,Health and Glow,healthandglow.com,https://logo.clearbit.com/healthandglow.com
938,938,TalentPace,talentpace.com,https://logo.clearbit.com/talentpace.com
939,939,Skylark Drones,skylarkdrones.com,https://logo.clearbit.com/skylarkdrones.com
940,940,Iglulabs Software,,nan
941,941,Stockal,stockal.com,https://logo.clearbit.com/stockal.com
942,942,FullThrottle Labs,fullthrottlelabs.com,https://logo.clearbit.com/fullthrottlelabs.com
943,943,Matic Network,matic.network,https://logo.clearbit.com/matic.network
944,944,Webknot Technologies,webknot.in,https://logo.clearbit.com/webknot.in
945,945,Stasis,stasispsychiatry.org,https://logo.clearbit.com/stasispsychiatry.org
946,946,Applozic,applozic.com,https://logo.clearbit.com/applozic.com
947,947,Tataatsu Idea Labs,,nan
948,948,Dataphi Labs,dataphilabs.com,https://logo.clearbit.com/dataphilabs.com
949,949,TUHUND,tuhund.com,https://logo.clearbit.com/tuhund.com
950,950,Optical Fusion,,nan
951,951,Applaunch,theapplaunchpad.com,https://logo.clearbit.com/theapplaunchpad.com
952,952,UI PEP Technologies,,nan
953,953,Foodmonk,foodmonks.ca,https://logo.clearbit.com/foodmonks.ca
954,954,Oboulo.com,oboulo.com,https://logo.clearbit.com/oboulo.com
955,955,Advisor Labs,,nan
956,956,Leher,leherissonvert.com,https://logo.clearbit.com/leherissonvert.com
957,957,Onedirect,onedirect.fr,https://logo.clearbit.com/onedirect.fr
958,958,The Honey Baked Ham Company,honeybaked.com,https://logo.clearbit.com/honeybaked.com
959,959,Rubik,rubika.ir,https://logo.clearbit.com/rubika.ir
960,960,The-Ally,theallyco.world,https://logo.clearbit.com/theallyco.world
961,961,CRITICALSTART,criticalstart.com,https://logo.clearbit.com/criticalstart.com
962,962,All Computer Solutions,allcomputer.com.br,https://logo.clearbit.com/allcomputer.com.br
963,963,Vimo Software Development,,nan
964,964,IBM,ibm.com,https://logo.clearbit.com/ibm.com
965,965,Omnify,getomnify.com,https://logo.clearbit.com/getomnify.com
966,966,smallcase,smallcase.com,https://logo.clearbit.com/smallcase.com
967,967,Publicis Sapient,publicissapient.com,https://logo.clearbit.com/publicissapient.com
968,968,IBM India,,nan
969,969,Codewave,codewave.com,https://logo.clearbit.com/codewave.com
970,970,JPMorgan Chase & Co,jpmorganchase.com,https://logo.clearbit.com/jpmorganchase.com
971,971,Kirusa,kirusa.com,https://logo.clearbit.com/kirusa.com
972,972,Publicis Sapient,publicissapient.com,https://logo.clearbit.com/publicissapient.com
973,973,Cognizant Technology Solutions,cognizant.co,https://logo.clearbit.com/cognizant.co
974,974,Capgemini,capgemini.com,https://logo.clearbit.com/capgemini.com
975,975,Schneider Electric,se.com,https://logo.clearbit.com/se.com
976,976,HighRadius,highradius.com,https://logo.clearbit.com/highradius.com
977,977,PayPal,paypal.com,https://logo.clearbit.com/paypal.com
978,978,MakeMyTrip,makemytrip.com,https://logo.clearbit.com/makemytrip.com
979,979,TE Connectivity,te.com,https://logo.clearbit.com/te.com
980,980,Quinnox,quinnox.com,https://logo.clearbit.com/quinnox.com
981,981,Digit Insurance,godigit.com,https://logo.clearbit.com/godigit.com
982,982,The Sparks Foundation,thesparksfoundation.info,https://logo.clearbit.com/thesparksfoundation.info
983,983,Embitel Technologies,embitel.com,https://logo.clearbit.com/embitel.com
984,984,News Technology Services,,nan
985,985,Mantra Labs,mantralabsglobal.com,https://logo.clearbit.com/mantralabsglobal.com
986,986,Trinity Mobility,trinitymobility.com,https://logo.clearbit.com/trinitymobility.com
987,987,V2soft,v12software.com,https://logo.clearbit.com/v12software.com
988,988,FrontRow (India),,nan
989,989,Sonim Technologies,sonimtech.com,https://logo.clearbit.com/sonimtech.com
